{
    "loss": 0.5430498719215393,
    "accuracy": 0.8235294222831726
}